"iter","time","est_name","n_fe","dgp_name","n_iters","n_obs"
2,0.0888848304748535,"pyfixest.feols",2,"simple",10,1000
2,0.00181293487548828,"FixedEffectModels.reg",2,"simple",10,1000
2,0.0059659481048584,"lfe::felm",2,"simple",10,1000
2,0.00853967666625977,"fixest::feols",2,"simple",10,1000
2,0.0899837017059326,"pyfixest.feols",3,"simple",10,1000
2,0.00223612785339355,"FixedEffectModels.reg",3,"simple",10,1000
2,0.00613498687744141,"lfe::felm",3,"simple",10,1000
2,0.00841546058654785,"fixest::feols",3,"simple",10,1000
3,0.0847370624542236,"pyfixest.feols",2,"simple",10,1000
3,0.00169181823730469,"FixedEffectModels.reg",2,"simple",10,1000
3,0.00618743896484375,"lfe::felm",2,"simple",10,1000
3,0.00826168060302734,"fixest::feols",2,"simple",10,1000
3,0.0853462219238281,"pyfixest.feols",3,"simple",10,1000
3,0.00273895263671875,"FixedEffectModels.reg",3,"simple",10,1000
3,0.00664734840393066,"lfe::felm",3,"simple",10,1000
3,0.00874185562133789,"fixest::feols",3,"simple",10,1000
4,0.0867414474487305,"pyfixest.feols",2,"simple",10,1000
4,0.00168204307556152,"FixedEffectModels.reg",2,"simple",10,1000
4,0.00615382194519043,"lfe::felm",2,"simple",10,1000
4,0.00850176811218262,"fixest::feols",2,"simple",10,1000
4,0.0868315696716309,"pyfixest.feols",3,"simple",10,1000
4,0.0023801326751709,"FixedEffectModels.reg",3,"simple",10,1000
4,0.00658988952636719,"lfe::felm",3,"simple",10,1000
4,0.00835299491882324,"fixest::feols",3,"simple",10,1000
5,0.0887715816497803,"pyfixest.feols",2,"simple",10,1000
5,0.00257396697998047,"FixedEffectModels.reg",2,"simple",10,1000
5,0.00692248344421387,"lfe::felm",2,"simple",10,1000
5,0.00967001914978027,"fixest::feols",2,"simple",10,1000
5,0.091529369354248,"pyfixest.feols",3,"simple",10,1000
5,0.00226593017578125,"FixedEffectModels.reg",3,"simple",10,1000
5,0.00778770446777344,"lfe::felm",3,"simple",10,1000
5,0.00992035865783691,"fixest::feols",3,"simple",10,1000
6,0.0886483192443848,"pyfixest.feols",2,"simple",10,1000
6,0.00177788734436035,"FixedEffectModels.reg",2,"simple",10,1000
6,0.00763773918151855,"lfe::felm",2,"simple",10,1000
6,0.00972938537597656,"fixest::feols",2,"simple",10,1000
6,0.09212327003479,"pyfixest.feols",3,"simple",10,1000
6,0.00233101844787598,"FixedEffectModels.reg",3,"simple",10,1000
6,0.00811171531677246,"lfe::felm",3,"simple",10,1000
6,0.0100295543670654,"fixest::feols",3,"simple",10,1000
7,0.088294506072998,"pyfixest.feols",2,"simple",10,1000
7,0.00181984901428223,"FixedEffectModels.reg",2,"simple",10,1000
7,0.00784397125244141,"lfe::felm",2,"simple",10,1000
7,0.00985217094421387,"fixest::feols",2,"simple",10,1000
7,0.0863656997680664,"pyfixest.feols",3,"simple",10,1000
7,0.002349853515625,"FixedEffectModels.reg",3,"simple",10,1000
7,0.00814986228942871,"lfe::felm",3,"simple",10,1000
7,0.0101313591003418,"fixest::feols",3,"simple",10,1000
8,0.0882620811462402,"pyfixest.feols",2,"simple",10,1000
8,0.00173497200012207,"FixedEffectModels.reg",2,"simple",10,1000
8,0.00782942771911621,"lfe::felm",2,"simple",10,1000
8,0.0100419521331787,"fixest::feols",2,"simple",10,1000
8,0.0936715602874756,"pyfixest.feols",3,"simple",10,1000
8,0.00330805778503418,"FixedEffectModels.reg",3,"simple",10,1000
8,0.00760507583618164,"lfe::felm",3,"simple",10,1000
8,0.0117533206939697,"fixest::feols",3,"simple",10,1000
9,0.0888161659240723,"pyfixest.feols",2,"simple",10,1000
9,0.0022580623626709,"FixedEffectModels.reg",2,"simple",10,1000
9,0.00742864608764648,"lfe::felm",2,"simple",10,1000
9,0.00977015495300293,"fixest::feols",2,"simple",10,1000
9,0.0893180370330811,"pyfixest.feols",3,"simple",10,1000
9,0.00221681594848633,"FixedEffectModels.reg",3,"simple",10,1000
9,0.00776124000549316,"lfe::felm",3,"simple",10,1000
9,0.00990819931030273,"fixest::feols",3,"simple",10,1000
10,0.0850698947906494,"pyfixest.feols",2,"simple",10,1000
10,0.00161004066467285,"FixedEffectModels.reg",2,"simple",10,1000
10,0.00723099708557129,"lfe::felm",2,"simple",10,1000
10,0.00959134101867676,"fixest::feols",2,"simple",10,1000
10,0.0888495445251465,"pyfixest.feols",3,"simple",10,1000
10,0.00231695175170898,"FixedEffectModels.reg",3,"simple",10,1000
10,0.00755929946899414,"lfe::felm",3,"simple",10,1000
10,0.00948190689086914,"fixest::feols",3,"simple",10,1000
11,0.0817000865936279,"pyfixest.feols",2,"simple",10,1000
11,0.00168895721435547,"FixedEffectModels.reg",2,"simple",10,1000
11,0.00748872756958008,"lfe::felm",2,"simple",10,1000
11,0.00963068008422852,"fixest::feols",2,"simple",10,1000
11,0.0900173187255859,"pyfixest.feols",3,"simple",10,1000
11,0.00226902961730957,"FixedEffectModels.reg",3,"simple",10,1000
11,0.00810337066650391,"lfe::felm",3,"simple",10,1000
11,0.0101749897003174,"fixest::feols",3,"simple",10,1000
2,0.0849568843841553,"pyfixest.feols",2,"difficult",10,1000
2,0.00168108940124512,"FixedEffectModels.reg",2,"difficult",10,1000
2,0.00588083267211914,"lfe::felm",2,"difficult",10,1000
2,0.00814199447631836,"fixest::feols",2,"difficult",10,1000
2,0.0848879814147949,"pyfixest.feols",3,"difficult",10,1000
2,0.00196313858032227,"FixedEffectModels.reg",3,"difficult",10,1000
2,0.00629162788391113,"lfe::felm",3,"difficult",10,1000
2,0.00835347175598145,"fixest::feols",3,"difficult",10,1000
3,0.0837206840515137,"pyfixest.feols",2,"difficult",10,1000
3,0.00172305107116699,"FixedEffectModels.reg",2,"difficult",10,1000
3,0.00599384307861328,"lfe::felm",2,"difficult",10,1000
3,0.00821471214294434,"fixest::feols",2,"difficult",10,1000
3,0.0867822170257568,"pyfixest.feols",3,"difficult",10,1000
3,0.00215601921081543,"FixedEffectModels.reg",3,"difficult",10,1000
3,0.00641202926635742,"lfe::felm",3,"difficult",10,1000
3,0.008453369140625,"fixest::feols",3,"difficult",10,1000
4,0.0844781398773193,"pyfixest.feols",2,"difficult",10,1000
4,0.00171208381652832,"FixedEffectModels.reg",2,"difficult",10,1000
4,0.00593805313110352,"lfe::felm",2,"difficult",10,1000
4,0.0081181526184082,"fixest::feols",2,"difficult",10,1000
4,0.086176872253418,"pyfixest.feols",3,"difficult",10,1000
4,0.0021059513092041,"FixedEffectModels.reg",3,"difficult",10,1000
4,0.00612998008728027,"lfe::felm",3,"difficult",10,1000
4,0.00821948051452637,"fixest::feols",3,"difficult",10,1000
5,0.0836451053619385,"pyfixest.feols",2,"difficult",10,1000
5,0.00159788131713867,"FixedEffectModels.reg",2,"difficult",10,1000
5,0.00580573081970215,"lfe::felm",2,"difficult",10,1000
5,0.00801777839660645,"fixest::feols",2,"difficult",10,1000
5,0.0842809677124023,"pyfixest.feols",3,"difficult",10,1000
5,0.0021049976348877,"FixedEffectModels.reg",3,"difficult",10,1000
5,0.00610661506652832,"lfe::felm",3,"difficult",10,1000
5,0.00822734832763672,"fixest::feols",3,"difficult",10,1000
6,0.0867459774017334,"pyfixest.feols",2,"difficult",10,1000
6,0.00162386894226074,"FixedEffectModels.reg",2,"difficult",10,1000
6,0.00591349601745605,"lfe::felm",2,"difficult",10,1000
6,0.00809884071350098,"fixest::feols",2,"difficult",10,1000
6,0.0876836776733398,"pyfixest.feols",3,"difficult",10,1000
6,0.00211405754089355,"FixedEffectModels.reg",3,"difficult",10,1000
6,0.00617766380310059,"lfe::felm",3,"difficult",10,1000
6,0.00824236869812012,"fixest::feols",3,"difficult",10,1000
7,0.0866093635559082,"pyfixest.feols",2,"difficult",10,1000
7,0.00160408020019531,"FixedEffectModels.reg",2,"difficult",10,1000
7,0.00582051277160645,"lfe::felm",2,"difficult",10,1000
7,0.00789928436279297,"fixest::feols",2,"difficult",10,1000
7,0.0875115394592285,"pyfixest.feols",3,"difficult",10,1000
7,0.00208592414855957,"FixedEffectModels.reg",3,"difficult",10,1000
7,0.00609874725341797,"lfe::felm",3,"difficult",10,1000
7,0.00823640823364258,"fixest::feols",3,"difficult",10,1000
8,0.0858879089355469,"pyfixest.feols",2,"difficult",10,1000
8,0.00170993804931641,"FixedEffectModels.reg",2,"difficult",10,1000
8,0.00596880912780762,"lfe::felm",2,"difficult",10,1000
8,0.00822544097900391,"fixest::feols",2,"difficult",10,1000
8,0.0880711078643799,"pyfixest.feols",3,"difficult",10,1000
8,0.0022130012512207,"FixedEffectModels.reg",3,"difficult",10,1000
8,0.00624465942382812,"lfe::felm",3,"difficult",10,1000
8,0.0083622932434082,"fixest::feols",3,"difficult",10,1000
9,0.0877053737640381,"pyfixest.feols",2,"difficult",10,1000
9,0.00179886817932129,"FixedEffectModels.reg",2,"difficult",10,1000
9,0.0063326358795166,"lfe::felm",2,"difficult",10,1000
9,0.0081641674041748,"fixest::feols",2,"difficult",10,1000
9,0.0879859924316406,"pyfixest.feols",3,"difficult",10,1000
9,0.00225996971130371,"FixedEffectModels.reg",3,"difficult",10,1000
9,0.00628757476806641,"lfe::felm",3,"difficult",10,1000
9,0.0080111026763916,"fixest::feols",3,"difficult",10,1000
10,0.082815408706665,"pyfixest.feols",2,"difficult",10,1000
10,0.00170207023620605,"FixedEffectModels.reg",2,"difficult",10,1000
10,0.0063931941986084,"lfe::felm",2,"difficult",10,1000
10,0.00812005996704102,"fixest::feols",2,"difficult",10,1000
10,0.0845351219177246,"pyfixest.feols",3,"difficult",10,1000
10,0.00234103202819824,"FixedEffectModels.reg",3,"difficult",10,1000
10,0.00639915466308594,"lfe::felm",3,"difficult",10,1000
10,0.00819993019104004,"fixest::feols",3,"difficult",10,1000
11,0.0881335735321045,"pyfixest.feols",2,"difficult",10,1000
11,0.00181388854980469,"FixedEffectModels.reg",2,"difficult",10,1000
11,0.0061643123626709,"lfe::felm",2,"difficult",10,1000
11,0.00821995735168457,"fixest::feols",2,"difficult",10,1000
11,0.086695671081543,"pyfixest.feols",3,"difficult",10,1000
11,0.00250411033630371,"FixedEffectModels.reg",3,"difficult",10,1000
11,0.00666451454162598,"lfe::felm",3,"difficult",10,1000
11,0.00839495658874512,"fixest::feols",3,"difficult",10,1000
2,0.105619430541992,"pyfixest.feols",2,"simple",10,10000
2,0.0026090145111084,"FixedEffectModels.reg",2,"simple",10,10000
2,0.00993680953979492,"lfe::felm",2,"simple",10,10000
2,0.0157907009124756,"fixest::feols",2,"simple",10,10000
2,0.108734369277954,"pyfixest.feols",3,"simple",10,10000
2,0.00395607948303223,"FixedEffectModels.reg",3,"simple",10,10000
2,0.0123095512390137,"lfe::felm",3,"simple",10,10000
2,0.0151658058166504,"fixest::feols",3,"simple",10,10000
3,0.108668327331543,"pyfixest.feols",2,"simple",10,10000
3,0.0025489330291748,"FixedEffectModels.reg",2,"simple",10,10000
3,0.012397289276123,"lfe::felm",2,"simple",10,10000
3,0.0157437324523926,"fixest::feols",2,"simple",10,10000
3,0.11143159866333,"pyfixest.feols",3,"simple",10,10000
3,0.00397801399230957,"FixedEffectModels.reg",3,"simple",10,10000
3,0.0162725448608398,"lfe::felm",3,"simple",10,10000
3,0.0159831047058105,"fixest::feols",3,"simple",10,10000
4,0.110467672348022,"pyfixest.feols",2,"simple",10,10000
4,0.00249791145324707,"FixedEffectModels.reg",2,"simple",10,10000
4,0.0100078582763672,"lfe::felm",2,"simple",10,10000
4,0.0150132179260254,"fixest::feols",2,"simple",10,10000
4,0.11341404914856,"pyfixest.feols",3,"simple",10,10000
4,0.00406193733215332,"FixedEffectModels.reg",3,"simple",10,10000
4,0.0113871097564697,"lfe::felm",3,"simple",10,10000
4,0.0596773624420166,"fixest::feols",3,"simple",10,10000
5,0.0964655876159668,"pyfixest.feols",2,"simple",10,10000
5,0.00245499610900879,"FixedEffectModels.reg",2,"simple",10,10000
5,0.0173101425170898,"lfe::felm",2,"simple",10,10000
5,0.0560135841369629,"fixest::feols",2,"simple",10,10000
5,0.102901220321655,"pyfixest.feols",3,"simple",10,10000
5,0.00406098365783691,"FixedEffectModels.reg",3,"simple",10,10000
5,0.0116212368011475,"lfe::felm",3,"simple",10,10000
5,0.0152645111083984,"fixest::feols",3,"simple",10,10000
6,0.11061429977417,"pyfixest.feols",2,"simple",10,10000
6,0.00278401374816895,"FixedEffectModels.reg",2,"simple",10,10000
6,0.0101592540740967,"lfe::felm",2,"simple",10,10000
6,0.0571858882904053,"fixest::feols",2,"simple",10,10000
6,0.107264518737793,"pyfixest.feols",3,"simple",10,10000
6,0.0042731761932373,"FixedEffectModels.reg",3,"simple",10,10000
6,0.0109801292419434,"lfe::felm",3,"simple",10,10000
6,0.0189583301544189,"fixest::feols",3,"simple",10,10000
7,0.108602285385132,"pyfixest.feols",2,"simple",10,10000
7,0.00242710113525391,"FixedEffectModels.reg",2,"simple",10,10000
7,0.00976800918579102,"lfe::felm",2,"simple",10,10000
7,0.0148873329162598,"fixest::feols",2,"simple",10,10000
7,0.109550952911377,"pyfixest.feols",3,"simple",10,10000
7,0.00395798683166504,"FixedEffectModels.reg",3,"simple",10,10000
7,0.0110807418823242,"lfe::felm",3,"simple",10,10000
7,0.0179440975189209,"fixest::feols",3,"simple",10,10000
8,0.105509757995605,"pyfixest.feols",2,"simple",10,10000
8,0.00270485877990723,"FixedEffectModels.reg",2,"simple",10,10000
8,0.0100255012512207,"lfe::felm",2,"simple",10,10000
8,0.0560400485992432,"fixest::feols",2,"simple",10,10000
8,0.106034517288208,"pyfixest.feols",3,"simple",10,10000
8,0.00398707389831543,"FixedEffectModels.reg",3,"simple",10,10000
8,0.014995813369751,"lfe::felm",3,"simple",10,10000
8,0.0566236972808838,"fixest::feols",3,"simple",10,10000
9,0.0934844017028809,"pyfixest.feols",2,"simple",10,10000
9,0.00269103050231934,"FixedEffectModels.reg",2,"simple",10,10000
9,0.0103597640991211,"lfe::felm",2,"simple",10,10000
9,0.0595178604125977,"fixest::feols",2,"simple",10,10000
9,0.101808547973633,"pyfixest.feols",3,"simple",10,10000
9,0.00655388832092285,"FixedEffectModels.reg",3,"simple",10,10000
9,0.0108788013458252,"lfe::felm",3,"simple",10,10000
9,0.0141685009002686,"fixest::feols",3,"simple",10,10000
10,0.101945400238037,"pyfixest.feols",2,"simple",10,10000
10,0.00233983993530273,"FixedEffectModels.reg",2,"simple",10,10000
10,0.00960087776184082,"lfe::felm",2,"simple",10,10000
10,0.014209508895874,"fixest::feols",2,"simple",10,10000
10,0.102751016616821,"pyfixest.feols",3,"simple",10,10000
10,0.00380682945251465,"FixedEffectModels.reg",3,"simple",10,10000
10,0.0110464096069336,"lfe::felm",3,"simple",10,10000
10,0.0158793926239014,"fixest::feols",3,"simple",10,10000
11,0.101778268814087,"pyfixest.feols",2,"simple",10,10000
11,0.00231695175170898,"FixedEffectModels.reg",2,"simple",10,10000
11,0.0147674083709717,"lfe::felm",2,"simple",10,10000
11,0.0155937671661377,"fixest::feols",2,"simple",10,10000
11,0.104385614395142,"pyfixest.feols",3,"simple",10,10000
11,0.00380706787109375,"FixedEffectModels.reg",3,"simple",10,10000
11,0.0111820697784424,"lfe::felm",3,"simple",10,10000
11,0.0158557891845703,"fixest::feols",3,"simple",10,10000
2,0.0983433723449707,"pyfixest.feols",2,"difficult",10,10000
2,0.00244021415710449,"FixedEffectModels.reg",2,"difficult",10,10000
2,0.0103757381439209,"lfe::felm",2,"difficult",10,10000
2,0.0571620464324951,"fixest::feols",2,"difficult",10,10000
2,0.108675003051758,"pyfixest.feols",3,"difficult",10,10000
2,0.00496602058410645,"FixedEffectModels.reg",3,"difficult",10,10000
2,0.019495964050293,"lfe::felm",3,"difficult",10,10000
2,0.0662834644317627,"fixest::feols",3,"difficult",10,10000
3,0.0906422138214111,"pyfixest.feols",2,"difficult",10,10000
3,0.00253796577453613,"FixedEffectModels.reg",2,"difficult",10,10000
3,0.00992012023925781,"lfe::felm",2,"difficult",10,10000
3,0.0142002105712891,"fixest::feols",2,"difficult",10,10000
3,0.12303352355957,"pyfixest.feols",3,"difficult",10,10000
3,0.00583004951477051,"FixedEffectModels.reg",3,"difficult",10,10000
3,0.0195693969726562,"lfe::felm",3,"difficult",10,10000
3,0.0198769569396973,"fixest::feols",3,"difficult",10,10000
4,0.102776288986206,"pyfixest.feols",2,"difficult",10,10000
4,0.00244498252868652,"FixedEffectModels.reg",2,"difficult",10,10000
4,0.00997686386108398,"lfe::felm",2,"difficult",10,10000
4,0.0566444396972656,"fixest::feols",2,"difficult",10,10000
4,0.112889051437378,"pyfixest.feols",3,"difficult",10,10000
4,0.0046989917755127,"FixedEffectModels.reg",3,"difficult",10,10000
4,0.0185196399688721,"lfe::felm",3,"difficult",10,10000
4,0.0656661987304688,"fixest::feols",3,"difficult",10,10000
5,0.0891666412353516,"pyfixest.feols",2,"difficult",10,10000
5,0.00244688987731934,"FixedEffectModels.reg",2,"difficult",10,10000
5,0.171617746353149,"lfe::felm",2,"difficult",10,10000
5,0.0144245624542236,"fixest::feols",2,"difficult",10,10000
5,0.120492219924927,"pyfixest.feols",3,"difficult",10,10000
5,0.00552582740783691,"FixedEffectModels.reg",3,"difficult",10,10000
5,0.0146815776824951,"lfe::felm",3,"difficult",10,10000
5,0.0180513858795166,"fixest::feols",3,"difficult",10,10000
6,0.103118896484375,"pyfixest.feols",2,"difficult",10,10000
6,0.00249099731445312,"FixedEffectModels.reg",2,"difficult",10,10000
6,0.0098569393157959,"lfe::felm",2,"difficult",10,10000
6,0.0603723526000977,"fixest::feols",2,"difficult",10,10000
6,0.111433744430542,"pyfixest.feols",3,"difficult",10,10000
6,0.0048830509185791,"FixedEffectModels.reg",3,"difficult",10,10000
6,0.0154182910919189,"lfe::felm",3,"difficult",10,10000
6,0.0621397495269775,"fixest::feols",3,"difficult",10,10000
7,0.0925741195678711,"pyfixest.feols",2,"difficult",10,10000
7,0.00302314758300781,"FixedEffectModels.reg",2,"difficult",10,10000
7,0.0100140571594238,"lfe::felm",2,"difficult",10,10000
7,0.0569140911102295,"fixest::feols",2,"difficult",10,10000
7,0.112056493759155,"pyfixest.feols",3,"difficult",10,10000
7,0.00503301620483398,"FixedEffectModels.reg",3,"difficult",10,10000
7,0.0162479877471924,"lfe::felm",3,"difficult",10,10000
7,0.0646014213562012,"fixest::feols",3,"difficult",10,10000
8,0.0893442630767822,"pyfixest.feols",2,"difficult",10,10000
8,0.00308799743652344,"FixedEffectModels.reg",2,"difficult",10,10000
8,0.0147886276245117,"lfe::felm",2,"difficult",10,10000
8,0.0138940811157227,"fixest::feols",2,"difficult",10,10000
8,0.114421367645264,"pyfixest.feols",3,"difficult",10,10000
8,0.00485801696777344,"FixedEffectModels.reg",3,"difficult",10,10000
8,0.0151388645172119,"lfe::felm",3,"difficult",10,10000
8,0.0213260650634766,"fixest::feols",3,"difficult",10,10000
9,0.108994245529175,"pyfixest.feols",2,"difficult",10,10000
9,0.00251603126525879,"FixedEffectModels.reg",2,"difficult",10,10000
9,0.00967049598693848,"lfe::felm",2,"difficult",10,10000
9,0.0601282119750977,"fixest::feols",2,"difficult",10,10000
9,0.113573312759399,"pyfixest.feols",3,"difficult",10,10000
9,0.00567984580993652,"FixedEffectModels.reg",3,"difficult",10,10000
9,0.0150241851806641,"lfe::felm",3,"difficult",10,10000
9,0.0168395042419434,"fixest::feols",3,"difficult",10,10000
10,0.102506637573242,"pyfixest.feols",2,"difficult",10,10000
10,0.00276708602905273,"FixedEffectModels.reg",2,"difficult",10,10000
10,0.00947856903076172,"lfe::felm",2,"difficult",10,10000
10,0.0571894645690918,"fixest::feols",2,"difficult",10,10000
10,0.104791164398193,"pyfixest.feols",3,"difficult",10,10000
10,0.00881814956665039,"FixedEffectModels.reg",3,"difficult",10,10000
10,0.0147597789764404,"lfe::felm",3,"difficult",10,10000
10,0.0274710655212402,"fixest::feols",3,"difficult",10,10000
11,0.101422786712646,"pyfixest.feols",2,"difficult",10,10000
11,0.0023810863494873,"FixedEffectModels.reg",2,"difficult",10,10000
11,0.00946211814880371,"lfe::felm",2,"difficult",10,10000
11,0.0167338848114014,"fixest::feols",2,"difficult",10,10000
11,0.111056566238403,"pyfixest.feols",3,"difficult",10,10000
11,0.00462889671325684,"FixedEffectModels.reg",3,"difficult",10,10000
11,0.014711856842041,"lfe::felm",3,"difficult",10,10000
11,0.0182192325592041,"fixest::feols",3,"difficult",10,10000
2,0.123131036758423,"pyfixest.feols",2,"simple",10,1e+05
2,0.0119040012359619,"FixedEffectModels.reg",2,"simple",10,1e+05
2,0.0675759315490723,"lfe::felm",2,"simple",10,1e+05
2,0.172430992126465,"fixest::feols",2,"simple",10,1e+05
2,0.124123096466064,"pyfixest.feols",3,"simple",10,1e+05
2,0.117235898971558,"FixedEffectModels.reg",3,"simple",10,1e+05
2,0.0818898677825928,"lfe::felm",3,"simple",10,1e+05
2,0.0878036022186279,"fixest::feols",3,"simple",10,1e+05
3,0.123760223388672,"pyfixest.feols",2,"simple",10,1e+05
3,0.00864005088806152,"FixedEffectModels.reg",2,"simple",10,1e+05
3,0.0622477531433105,"lfe::felm",2,"simple",10,1e+05
3,0.0315155982971191,"fixest::feols",2,"simple",10,1e+05
3,0.164290428161621,"pyfixest.feols",3,"simple",10,1e+05
3,0.0212109088897705,"FixedEffectModels.reg",3,"simple",10,1e+05
3,0.0743298530578613,"lfe::felm",3,"simple",10,1e+05
3,0.0548191070556641,"fixest::feols",3,"simple",10,1e+05
4,0.116585493087769,"pyfixest.feols",2,"simple",10,1e+05
4,0.00883793830871582,"FixedEffectModels.reg",2,"simple",10,1e+05
4,0.0614261627197266,"lfe::felm",2,"simple",10,1e+05
4,0.025315523147583,"fixest::feols",2,"simple",10,1e+05
4,0.165212631225586,"pyfixest.feols",3,"simple",10,1e+05
4,0.020658016204834,"FixedEffectModels.reg",3,"simple",10,1e+05
4,0.0763366222381592,"lfe::felm",3,"simple",10,1e+05
4,0.0466561317443848,"fixest::feols",3,"simple",10,1e+05
5,0.12123703956604,"pyfixest.feols",2,"simple",10,1e+05
5,0.0105078220367432,"FixedEffectModels.reg",2,"simple",10,1e+05
5,0.0584285259246826,"lfe::felm",2,"simple",10,1e+05
5,0.0309207439422607,"fixest::feols",2,"simple",10,1e+05
5,0.139874458312988,"pyfixest.feols",3,"simple",10,1e+05
5,0.0768790245056152,"FixedEffectModels.reg",3,"simple",10,1e+05
5,0.074476957321167,"lfe::felm",3,"simple",10,1e+05
5,0.0485496520996094,"fixest::feols",3,"simple",10,1e+05
6,0.110723495483398,"pyfixest.feols",2,"simple",10,1e+05
6,0.0128219127655029,"FixedEffectModels.reg",2,"simple",10,1e+05
6,0.0618815422058105,"lfe::felm",2,"simple",10,1e+05
6,0.0299193859100342,"fixest::feols",2,"simple",10,1e+05
6,0.136026382446289,"pyfixest.feols",3,"simple",10,1e+05
6,0.0182130336761475,"FixedEffectModels.reg",3,"simple",10,1e+05
6,0.0711753368377686,"lfe::felm",3,"simple",10,1e+05
6,0.047832727432251,"fixest::feols",3,"simple",10,1e+05
7,0.115244626998901,"pyfixest.feols",2,"simple",10,1e+05
7,0.0102388858795166,"FixedEffectModels.reg",2,"simple",10,1e+05
7,0.0662720203399658,"lfe::felm",2,"simple",10,1e+05
7,0.0258545875549316,"fixest::feols",2,"simple",10,1e+05
7,0.160505294799805,"pyfixest.feols",3,"simple",10,1e+05
7,0.0203499794006348,"FixedEffectModels.reg",3,"simple",10,1e+05
7,0.218966722488403,"lfe::felm",3,"simple",10,1e+05
7,0.0445306301116943,"fixest::feols",3,"simple",10,1e+05
8,0.111725091934204,"pyfixest.feols",2,"simple",10,1e+05
8,0.0234031677246094,"FixedEffectModels.reg",2,"simple",10,1e+05
8,0.0624520778656006,"lfe::felm",2,"simple",10,1e+05
8,0.0283937454223633,"fixest::feols",2,"simple",10,1e+05
8,0.168840169906616,"pyfixest.feols",3,"simple",10,1e+05
8,0.0183489322662354,"FixedEffectModels.reg",3,"simple",10,1e+05
8,0.0764703750610352,"lfe::felm",3,"simple",10,1e+05
8,0.0476381778717041,"fixest::feols",3,"simple",10,1e+05
9,0.122892141342163,"pyfixest.feols",2,"simple",10,1e+05
9,0.00882101058959961,"FixedEffectModels.reg",2,"simple",10,1e+05
9,0.0584161281585693,"lfe::felm",2,"simple",10,1e+05
9,0.0306353569030762,"fixest::feols",2,"simple",10,1e+05
9,0.160353899002075,"pyfixest.feols",3,"simple",10,1e+05
9,0.0185799598693848,"FixedEffectModels.reg",3,"simple",10,1e+05
9,0.0777199268341064,"lfe::felm",3,"simple",10,1e+05
9,0.0815804004669189,"fixest::feols",3,"simple",10,1e+05
10,0.112513303756714,"pyfixest.feols",2,"simple",10,1e+05
10,0.0115671157836914,"FixedEffectModels.reg",2,"simple",10,1e+05
10,0.211654424667358,"lfe::felm",2,"simple",10,1e+05
10,0.0696382522583008,"fixest::feols",2,"simple",10,1e+05
10,0.133143901824951,"pyfixest.feols",3,"simple",10,1e+05
10,0.0199370384216309,"FixedEffectModels.reg",3,"simple",10,1e+05
10,0.0743494033813477,"lfe::felm",3,"simple",10,1e+05
10,0.0433719158172607,"fixest::feols",3,"simple",10,1e+05
11,0.126085042953491,"pyfixest.feols",2,"simple",10,1e+05
11,0.0259609222412109,"FixedEffectModels.reg",2,"simple",10,1e+05
11,0.0657427310943604,"lfe::felm",2,"simple",10,1e+05
11,0.0293614864349365,"fixest::feols",2,"simple",10,1e+05
11,0.16026759147644,"pyfixest.feols",3,"simple",10,1e+05
11,0.0178358554840088,"FixedEffectModels.reg",3,"simple",10,1e+05
11,0.0773482322692871,"lfe::felm",3,"simple",10,1e+05
11,0.0442650318145752,"fixest::feols",3,"simple",10,1e+05
2,0.120360136032104,"pyfixest.feols",2,"difficult",5,1e+05
2,0.0104660987854004,"FixedEffectModels.reg",2,"difficult",5,1e+05
2,0.0638217926025391,"lfe::felm",2,"difficult",5,1e+05
2,0.0263993740081787,"fixest::feols",2,"difficult",5,1e+05
2,3.362637758255,"pyfixest.feols",3,"difficult",5,1e+05
2,0.130779981613159,"FixedEffectModels.reg",3,"difficult",5,1e+05
2,4.52872395515442,"lfe::felm",3,"difficult",5,1e+05
2,0.230688571929932,"fixest::feols",3,"difficult",5,1e+05
3,0.115534782409668,"pyfixest.feols",2,"difficult",5,1e+05
3,0.0263240337371826,"FixedEffectModels.reg",2,"difficult",5,1e+05
3,0.0677857398986816,"lfe::felm",2,"difficult",5,1e+05
3,0.0229313373565674,"fixest::feols",2,"difficult",5,1e+05
3,3.29807901382446,"pyfixest.feols",3,"difficult",5,1e+05
3,0.130552053451538,"FixedEffectModels.reg",3,"difficult",5,1e+05
3,2.63694190979004,"lfe::felm",3,"difficult",5,1e+05
3,0.233487129211426,"fixest::feols",3,"difficult",5,1e+05
4,0.121389150619507,"pyfixest.feols",2,"difficult",5,1e+05
4,0.00864601135253906,"FixedEffectModels.reg",2,"difficult",5,1e+05
4,0.0592706203460693,"lfe::felm",2,"difficult",5,1e+05
4,0.0275285243988037,"fixest::feols",2,"difficult",5,1e+05
4,3.53264331817627,"pyfixest.feols",3,"difficult",5,1e+05
4,0.128898143768311,"FixedEffectModels.reg",3,"difficult",5,1e+05
4,4.60959267616272,"lfe::felm",3,"difficult",5,1e+05
4,0.256160736083984,"fixest::feols",3,"difficult",5,1e+05
5,0.121236562728882,"pyfixest.feols",2,"difficult",5,1e+05
5,0.0104739665985107,"FixedEffectModels.reg",2,"difficult",5,1e+05
5,0.205898284912109,"lfe::felm",2,"difficult",5,1e+05
5,0.0260210037231445,"fixest::feols",2,"difficult",5,1e+05
5,3.34371566772461,"pyfixest.feols",3,"difficult",5,1e+05
5,0.206750869750977,"FixedEffectModels.reg",3,"difficult",5,1e+05
5,4.3149242401123,"lfe::felm",3,"difficult",5,1e+05
5,0.256234645843506,"fixest::feols",3,"difficult",5,1e+05
6,0.121950387954712,"pyfixest.feols",2,"difficult",5,1e+05
6,0.00887894630432129,"FixedEffectModels.reg",2,"difficult",5,1e+05
6,0.0629911422729492,"lfe::felm",2,"difficult",5,1e+05
6,0.0237665176391602,"fixest::feols",2,"difficult",5,1e+05
6,3.22917342185974,"pyfixest.feols",3,"difficult",5,1e+05
6,0.130436182022095,"FixedEffectModels.reg",3,"difficult",5,1e+05
6,4.49003529548645,"lfe::felm",3,"difficult",5,1e+05
6,0.248003959655762,"fixest::feols",3,"difficult",5,1e+05
2,0.21214747428894,"pyfixest.feols",2,"simple",5,5e+05
2,0.0483388900756836,"FixedEffectModels.reg",2,"simple",5,5e+05
2,0.421401739120483,"lfe::felm",2,"simple",5,5e+05
2,0.23827600479126,"fixest::feols",2,"simple",5,5e+05
2,0.249875545501709,"pyfixest.feols",3,"simple",5,5e+05
2,0.092667818069458,"FixedEffectModels.reg",3,"simple",5,5e+05
2,0.501970052719116,"lfe::felm",3,"simple",5,5e+05
2,0.133912324905396,"fixest::feols",3,"simple",5,5e+05
3,0.197680711746216,"pyfixest.feols",2,"simple",5,5e+05
3,0.0385580062866211,"FixedEffectModels.reg",2,"simple",5,5e+05
3,0.547709226608276,"lfe::felm",2,"simple",5,5e+05
3,0.0485570430755615,"fixest::feols",2,"simple",5,5e+05
3,0.243025779724121,"pyfixest.feols",3,"simple",5,5e+05
3,0.0909311771392822,"FixedEffectModels.reg",3,"simple",5,5e+05
3,0.512947559356689,"lfe::felm",3,"simple",5,5e+05
3,0.0727968215942383,"fixest::feols",3,"simple",5,5e+05
4,0.194623470306396,"pyfixest.feols",2,"simple",5,5e+05
4,0.0382850170135498,"FixedEffectModels.reg",2,"simple",5,5e+05
4,0.395555019378662,"lfe::felm",2,"simple",5,5e+05
4,0.087127685546875,"fixest::feols",2,"simple",5,5e+05
4,0.23249077796936,"pyfixest.feols",3,"simple",5,5e+05
4,0.090846061706543,"FixedEffectModels.reg",3,"simple",5,5e+05
4,0.505318641662598,"lfe::felm",3,"simple",5,5e+05
4,0.133833646774292,"fixest::feols",3,"simple",5,5e+05
5,0.19886302947998,"pyfixest.feols",2,"simple",5,5e+05
5,0.0378479957580566,"FixedEffectModels.reg",2,"simple",5,5e+05
5,0.394780397415161,"lfe::felm",2,"simple",5,5e+05
5,0.0885977745056152,"fixest::feols",2,"simple",5,5e+05
5,0.242227554321289,"pyfixest.feols",3,"simple",5,5e+05
5,0.0937469005584717,"FixedEffectModels.reg",3,"simple",5,5e+05
5,0.515265464782715,"lfe::felm",3,"simple",5,5e+05
5,0.0696022510528564,"fixest::feols",3,"simple",5,5e+05
6,0.192534446716309,"pyfixest.feols",2,"simple",5,5e+05
6,0.0382010936737061,"FixedEffectModels.reg",2,"simple",5,5e+05
6,0.382695198059082,"lfe::felm",2,"simple",5,5e+05
6,0.0869288444519043,"fixest::feols",2,"simple",5,5e+05
6,0.230684041976929,"pyfixest.feols",3,"simple",5,5e+05
6,0.0938329696655273,"FixedEffectModels.reg",3,"simple",5,5e+05
6,0.491826057434082,"lfe::felm",3,"simple",5,5e+05
6,0.133382797241211,"fixest::feols",3,"simple",5,5e+05
2,0.193960189819336,"pyfixest.feols",2,"difficult",5,5e+05
2,0.135637998580933,"FixedEffectModels.reg",2,"difficult",5,5e+05
2,0.238900661468506,"lfe::felm",2,"difficult",5,5e+05
2,0.0809175968170166,"fixest::feols",2,"difficult",5,5e+05
2,127.547603607178,"pyfixest.feols",3,"difficult",5,5e+05
2,1.48788094520569,"FixedEffectModels.reg",3,"difficult",5,5e+05
2,300.877996206284,"lfe::felm",3,"difficult",5,5e+05
2,2.0012788772583,"fixest::feols",3,"difficult",5,5e+05
3,0.200897693634033,"pyfixest.feols",2,"difficult",5,5e+05
3,0.11481785774231,"FixedEffectModels.reg",2,"difficult",5,5e+05
3,0.368939638137817,"lfe::felm",2,"difficult",5,5e+05
3,0.119131326675415,"fixest::feols",2,"difficult",5,5e+05
3,151.762458324432,"pyfixest.feols",3,"difficult",5,5e+05
3,1.34000992774963,"FixedEffectModels.reg",3,"difficult",5,5e+05
3,322.867789983749,"lfe::felm",3,"difficult",5,5e+05
3,1.99128651618958,"fixest::feols",3,"difficult",5,5e+05
4,0.181984424591064,"pyfixest.feols",2,"difficult",5,5e+05
4,0.13139796257019,"FixedEffectModels.reg",2,"difficult",5,5e+05
4,0.364003658294678,"lfe::felm",2,"difficult",5,5e+05
4,0.0776314735412598,"fixest::feols",2,"difficult",5,5e+05
4,169.917176008224,"pyfixest.feols",3,"difficult",5,5e+05
4,1.40127301216125,"FixedEffectModels.reg",3,"difficult",5,5e+05
4,329.250233650208,"lfe::felm",3,"difficult",5,5e+05
4,2.14638829231262,"fixest::feols",3,"difficult",5,5e+05
5,0.189468145370483,"pyfixest.feols",2,"difficult",5,5e+05
5,0.110795974731445,"FixedEffectModels.reg",2,"difficult",5,5e+05
5,0.237940311431885,"lfe::felm",2,"difficult",5,5e+05
5,0.0870938301086426,"fixest::feols",2,"difficult",5,5e+05
5,150.882537126541,"pyfixest.feols",3,"difficult",5,5e+05
5,1.42539501190186,"FixedEffectModels.reg",3,"difficult",5,5e+05
5,321.175002098083,"lfe::felm",3,"difficult",5,5e+05
5,2.14548540115356,"fixest::feols",3,"difficult",5,5e+05
6,0.187129735946655,"pyfixest.feols",2,"difficult",5,5e+05
6,0.0530140399932861,"FixedEffectModels.reg",2,"difficult",5,5e+05
6,0.382698774337769,"lfe::felm",2,"difficult",5,5e+05
6,0.103135347366333,"fixest::feols",2,"difficult",5,5e+05
6,153.431069135666,"pyfixest.feols",3,"difficult",5,5e+05
6,1.37591695785522,"FixedEffectModels.reg",3,"difficult",5,5e+05
6,331.324892282486,"lfe::felm",3,"difficult",5,5e+05
6,2.37123012542725,"fixest::feols",3,"difficult",5,5e+05
2,0.315918684005737,"pyfixest.feols",2,"simple",3,1e+06
2,0.151108026504517,"FixedEffectModels.reg",2,"simple",3,1e+06
2,0.629583120346069,"lfe::felm",2,"simple",3,1e+06
2,0.284634351730347,"fixest::feols",2,"simple",3,1e+06
2,0.355732679367065,"pyfixest.feols",3,"simple",3,1e+06
2,0.264286041259766,"FixedEffectModels.reg",3,"simple",3,1e+06
2,0.864525318145752,"lfe::felm",3,"simple",3,1e+06
2,0.320827007293701,"fixest::feols",3,"simple",3,1e+06
3,0.293457984924316,"pyfixest.feols",2,"simple",3,1e+06
3,0.0753848552703857,"FixedEffectModels.reg",2,"simple",3,1e+06
3,0.640954494476318,"lfe::felm",2,"simple",3,1e+06
3,0.249436855316162,"fixest::feols",2,"simple",3,1e+06
3,0.351127147674561,"pyfixest.feols",3,"simple",3,1e+06
3,0.173254013061523,"FixedEffectModels.reg",3,"simple",3,1e+06
3,0.86613392829895,"lfe::felm",3,"simple",3,1e+06
3,0.323681592941284,"fixest::feols",3,"simple",3,1e+06
4,0.268986940383911,"pyfixest.feols",2,"simple",3,1e+06
4,0.147538185119629,"FixedEffectModels.reg",2,"simple",3,1e+06
4,0.63579797744751,"lfe::felm",2,"simple",3,1e+06
4,0.280967950820923,"fixest::feols",2,"simple",3,1e+06
4,0.341229438781738,"pyfixest.feols",3,"simple",3,1e+06
4,0.193861961364746,"FixedEffectModels.reg",3,"simple",3,1e+06
4,0.872346639633179,"lfe::felm",3,"simple",3,1e+06
4,0.177950382232666,"fixest::feols",3,"simple",3,1e+06
2,0.470883846282959,"pyfixest.feols",2,"simple",3,2e+06
2,0.22065806388855,"FixedEffectModels.reg",2,"simple",3,2e+06
2,1.19641089439392,"lfe::felm",2,"simple",3,2e+06
2,0.204317092895508,"fixest::feols",2,"simple",3,2e+06
2,0.663804292678833,"pyfixest.feols",3,"simple",3,2e+06
2,0.342819929122925,"FixedEffectModels.reg",3,"simple",3,2e+06
2,1.54642462730408,"lfe::felm",3,"simple",3,2e+06
2,0.29772424697876,"fixest::feols",3,"simple",3,2e+06
3,0.426535129547119,"pyfixest.feols",2,"simple",3,2e+06
3,0.146569967269897,"FixedEffectModels.reg",2,"simple",3,2e+06
3,0.916261434555054,"lfe::felm",2,"simple",3,2e+06
3,0.34461498260498,"fixest::feols",2,"simple",3,2e+06
3,0.602373361587524,"pyfixest.feols",3,"simple",3,2e+06
3,0.451456069946289,"FixedEffectModels.reg",3,"simple",3,2e+06
3,1.57158470153809,"lfe::felm",3,"simple",3,2e+06
3,0.272489070892334,"fixest::feols",3,"simple",3,2e+06
4,0.482528924942017,"pyfixest.feols",2,"simple",3,2e+06
4,0.145954847335815,"FixedEffectModels.reg",2,"simple",3,2e+06
4,1.0475754737854,"lfe::felm",2,"simple",3,2e+06
4,0.204342126846313,"fixest::feols",2,"simple",3,2e+06
4,0.64091157913208,"pyfixest.feols",3,"simple",3,2e+06
4,0.347666025161743,"FixedEffectModels.reg",3,"simple",3,2e+06
4,1.38761615753174,"lfe::felm",3,"simple",3,2e+06
4,0.30341625213623,"fixest::feols",3,"simple",3,2e+06
2,0.475791215896606,"lfe::felm",2,"difficult",3,1e+06
2,0.287354469299316,"pyfixest.feols",2,"difficult",3,1e+06
2,0.146989107131958,"FixedEffectModels.reg",2,"difficult",3,1e+06
2,0.096642017364502,"fixest::feols",2,"difficult",3,1e+06
2,NA,"pyfixest.feols",3,"difficult",3,1e+06
2,2.74661207199097,"FixedEffectModels.reg",3,"difficult",3,1e+06
2,3.54432415962219,"fixest::feols",3,"difficult",3,1e+06
3,0.461744785308838,"lfe::felm",2,"difficult",3,1e+06
3,0.274881839752197,"pyfixest.feols",2,"difficult",3,1e+06
3,0.169807195663452,"FixedEffectModels.reg",2,"difficult",3,1e+06
3,0.112732172012329,"fixest::feols",2,"difficult",3,1e+06
3,NA,"pyfixest.feols",3,"difficult",3,1e+06
3,2.81480097770691,"FixedEffectModels.reg",3,"difficult",3,1e+06
3,4.51783895492554,"fixest::feols",3,"difficult",3,1e+06
4,0.457648277282715,"lfe::felm",2,"difficult",3,1e+06
4,0.286424398422241,"pyfixest.feols",2,"difficult",3,1e+06
4,0.151332855224609,"FixedEffectModels.reg",2,"difficult",3,1e+06
4,0.101927042007446,"fixest::feols",2,"difficult",3,1e+06
4,NA,"pyfixest.feols",3,"difficult",3,1e+06
4,2.40256404876709,"FixedEffectModels.reg",3,"difficult",3,1e+06
4,3.38098335266113,"fixest::feols",3,"difficult",3,1e+06
2,0.450508832931519,"pyfixest.feols",2,"difficult",3,2e+06
2,0.140243053436279,"FixedEffectModels.reg",2,"difficult",3,2e+06
2,0.215460300445557,"fixest::feols",2,"difficult",3,2e+06
2,5.26765418052673,"FixedEffectModels.reg",3,"difficult",3,2e+06
2,9.23151469230652,"fixest::feols",3,"difficult",3,2e+06
3,0.425016164779663,"pyfixest.feols",2,"difficult",3,2e+06
3,0.215221881866455,"FixedEffectModels.reg",2,"difficult",3,2e+06
3,0.208492517471313,"fixest::feols",2,"difficult",3,2e+06
3,4.76290392875671,"FixedEffectModels.reg",3,"difficult",3,2e+06
3,8.07498049736023,"fixest::feols",3,"difficult",3,2e+06
4,0.442454814910889,"pyfixest.feols",2,"difficult",3,2e+06
4,0.215507984161377,"FixedEffectModels.reg",2,"difficult",3,2e+06
4,0.208670377731323,"fixest::feols",2,"difficult",3,2e+06
4,5.36619400978088,"FixedEffectModels.reg",3,"difficult",3,2e+06
4,8.1468334197998,"fixest::feols",3,"difficult",3,2e+06
